{
  "hue:0210:ecb5fa132fad:4": {
    "class": "org.eclipse.smarthome.core.thing.internal.ThingImpl",
    "value": {
      "label": "Hue color lamp 1",
      "bridgeUID": {
        "segments": [
          "hue",
          "bridge",
          "ecb5fa132fad"
        ]
      },
      "channels": [
        {
          "acceptedItemType": "Color",
          "kind": "STATE",
          "uid": {
            "segments": [
              "hue",
              "0210",
              "ecb5fa132fad",
              "4",
              "color"
            ]
          },
          "channelTypeUID": {
            "segments": [
              "hue",
              "color"
            ]
          },
          "label": "Color",
          "description": "The color channel allows to control the color of a light. It is also possible to dim values and switch the light on and off.",
          "configuration": {
            "properties": {}
          },
          "properties": {},
          "defaultTags": [
            "Lighting"
          ]
        },
        {
          "acceptedItemType": "Dimmer",
          "kind": "STATE",
          "uid": {
            "segments": [
              "hue",
              "0210",
              "ecb5fa132fad",
              "4",
              "color_temperature"
            ]
          },
          "channelTypeUID": {
            "segments": [
              "hue",
              "color_temperature"
            ]
          },
          "label": "Color Temperature",
          "description": "The color temperature channel allows to set the color temperature of a light from 0 (cold) to 100 (warm).",
          "configuration": {
            "properties": {}
          },
          "properties": {},
          "defaultTags": []
        },
        {
          "acceptedItemType": "String",
          "kind": "STATE",
          "uid": {
            "segments": [
              "hue",
              "0210",
              "ecb5fa132fad",
              "4",
              "alert"
            ]
          },
          "channelTypeUID": {
            "segments": [
              "hue",
              "alert"
            ]
          },
          "label": "Alert",
          "description": "The alert channel allows a temporary change to the bulb’s state.",
          "configuration": {
            "properties": {}
          },
          "properties": {},
          "defaultTags": []
        },
        {
          "acceptedItemType": "Switch",
          "kind": "STATE",
          "uid": {
            "segments": [
              "hue",
              "0210",
              "ecb5fa132fad",
              "4",
              "effect"
            ]
          },
          "channelTypeUID": {
            "segments": [
              "hue",
              "effect"
            ]
          },
          "label": "Color Loop",
          "description": "The effect channel allows putting the bulb in a color looping mode.",
          "configuration": {
            "properties": {}
          },
          "properties": {},
          "defaultTags": []
        }
      ],
      "configuration": {
        "properties": {
          "lightId": "4",
          "fadetime": 400
        }
      },
      "properties": {
        "modelId": "LCA001",
        "firmwareVersion": "1.76.10",
        "uniqueId": "00:17:88:01:08:b0:f4:20-0b",
        "productName": "Hue color lamp"
      },
      "uid": {
        "segments": [
          "hue",
          "0210",
          "ecb5fa132fad",
          "4"
        ]
      },
      "thingTypeUID": {
        "segments": [
          "hue",
          "0210"
        ]
      }
    }
  },
  "hue:0210:ecb5fa132fad:3": {
    "class": "org.eclipse.smarthome.core.thing.internal.ThingImpl",
    "value": {
      "label": "Hue color lamp 3",
      "bridgeUID": {
        "segments": [
          "hue",
          "bridge",
          "ecb5fa132fad"
        ]
      },
      "channels": [
        {
          "acceptedItemType": "Color",
          "kind": "STATE",
          "uid": {
            "segments": [
              "hue",
              "0210",
              "ecb5fa132fad",
              "3",
              "color"
            ]
          },
          "channelTypeUID": {
            "segments": [
              "hue",
              "color"
            ]
          },
          "label": "Color",
          "description": "The color channel allows to control the color of a light. It is also possible to dim values and switch the light on and off.",
          "configuration": {
            "properties": {}
          },
          "properties": {},
          "defaultTags": [
            "Lighting"
          ]
        },
        {
          "acceptedItemType": "Dimmer",
          "kind": "STATE",
          "uid": {
            "segments": [
              "hue",
              "0210",
              "ecb5fa132fad",
              "3",
              "color_temperature"
            ]
          },
          "channelTypeUID": {
            "segments": [
              "hue",
              "color_temperature"
            ]
          },
          "label": "Color Temperature",
          "description": "The color temperature channel allows to set the color temperature of a light from 0 (cold) to 100 (warm).",
          "configuration": {
            "properties": {}
          },
          "properties": {},
          "defaultTags": []
        },
        {
          "acceptedItemType": "String",
          "kind": "STATE",
          "uid": {
            "segments": [
              "hue",
              "0210",
              "ecb5fa132fad",
              "3",
              "alert"
            ]
          },
          "channelTypeUID": {
            "segments": [
              "hue",
              "alert"
            ]
          },
          "label": "Alert",
          "description": "The alert channel allows a temporary change to the bulb’s state.",
          "configuration": {
            "properties": {}
          },
          "properties": {},
          "defaultTags": []
        },
        {
          "acceptedItemType": "Switch",
          "kind": "STATE",
          "uid": {
            "segments": [
              "hue",
              "0210",
              "ecb5fa132fad",
              "3",
              "effect"
            ]
          },
          "channelTypeUID": {
            "segments": [
              "hue",
              "effect"
            ]
          },
          "label": "Color Loop",
          "description": "The effect channel allows putting the bulb in a color looping mode.",
          "configuration": {
            "properties": {}
          },
          "properties": {},
          "defaultTags": []
        }
      ],
      "configuration": {
        "properties": {
          "lightId": "3",
          "fadetime": 400
        }
      },
      "properties": {
        "modelId": "LCA001",
        "firmwareVersion": "1.76.10",
        "uniqueId": "00:17:88:01:08:a6:d4:40-0b",
        "productName": "Hue color lamp"
      },
      "uid": {
        "segments": [
          "hue",
          "0210",
          "ecb5fa132fad",
          "3"
        ]
      },
      "thingTypeUID": {
        "segments": [
          "hue",
          "0210"
        ]
      }
    }
  },
  "hue:0210:ecb5fa132fad:2": {
    "class": "org.eclipse.smarthome.core.thing.internal.ThingImpl",
    "value": {
      "label": "Hue color lamp 2",
      "bridgeUID": {
        "segments": [
          "hue",
          "bridge",
          "ecb5fa132fad"
        ]
      },
      "channels": [
        {
          "acceptedItemType": "Color",
          "kind": "STATE",
          "uid": {
            "segments": [
              "hue",
              "0210",
              "ecb5fa132fad",
              "2",
              "color"
            ]
          },
          "channelTypeUID": {
            "segments": [
              "hue",
              "color"
            ]
          },
          "label": "Color",
          "description": "The color channel allows to control the color of a light. It is also possible to dim values and switch the light on and off.",
          "configuration": {
            "properties": {}
          },
          "properties": {},
          "defaultTags": [
            "Lighting"
          ]
        },
        {
          "acceptedItemType": "Dimmer",
          "kind": "STATE",
          "uid": {
            "segments": [
              "hue",
              "0210",
              "ecb5fa132fad",
              "2",
              "color_temperature"
            ]
          },
          "channelTypeUID": {
            "segments": [
              "hue",
              "color_temperature"
            ]
          },
          "label": "Color Temperature",
          "description": "The color temperature channel allows to set the color temperature of a light from 0 (cold) to 100 (warm).",
          "configuration": {
            "properties": {}
          },
          "properties": {},
          "defaultTags": []
        },
        {
          "acceptedItemType": "String",
          "kind": "STATE",
          "uid": {
            "segments": [
              "hue",
              "0210",
              "ecb5fa132fad",
              "2",
              "alert"
            ]
          },
          "channelTypeUID": {
            "segments": [
              "hue",
              "alert"
            ]
          },
          "label": "Alert",
          "description": "The alert channel allows a temporary change to the bulb’s state.",
          "configuration": {
            "properties": {}
          },
          "properties": {},
          "defaultTags": []
        },
        {
          "acceptedItemType": "Switch",
          "kind": "STATE",
          "uid": {
            "segments": [
              "hue",
              "0210",
              "ecb5fa132fad",
              "2",
              "effect"
            ]
          },
          "channelTypeUID": {
            "segments": [
              "hue",
              "effect"
            ]
          },
          "label": "Color Loop",
          "description": "The effect channel allows putting the bulb in a color looping mode.",
          "configuration": {
            "properties": {}
          },
          "properties": {},
          "defaultTags": []
        }
      ],
      "configuration": {
        "properties": {
          "lightId": "2",
          "fadetime": 400
        }
      },
      "properties": {
        "modelId": "LCA001",
        "firmwareVersion": "1.76.10",
        "uniqueId": "00:17:88:01:08:a6:a3:8f-0b",
        "productName": "Hue color lamp"
      },
      "uid": {
        "segments": [
          "hue",
          "0210",
          "ecb5fa132fad",
          "2"
        ]
      },
      "thingTypeUID": {
        "segments": [
          "hue",
          "0210"
        ]
      }
    }
  },
  "hue:bridge:ecb5fa132fad": {
    "class": "org.eclipse.smarthome.core.thing.internal.BridgeImpl",
    "value": {
      "label": "Philips hue (192.168.1.248)",
      "channels": [
        {
          "acceptedItemType": "String",
          "kind": "STATE",
          "uid": {
            "segments": [
              "hue",
              "bridge",
              "ecb5fa132fad",
              "scene"
            ]
          },
          "channelTypeUID": {
            "segments": [
              "hue",
              "scene"
            ]
          },
          "label": "Scene",
          "description": "The scene channel allows recalling a scene to all lights that belong to the scene.",
          "configuration": {
            "properties": {}
          },
          "properties": {},
          "defaultTags": []
        }
      ],
      "configuration": {
        "properties": {
          "ipAddress": "192.168.1.248",
          "pollingInterval": 10,
          "sensorPollingInterval": 500,
          "userName": "X2cdRtfTeLaezVzpPZ3APcSNXwD60Rr1Rg3xEI-d",
          "port": 80
        }
      },
      "properties": {
        "protocol": "http",
        "macAddress": "ec:b5:fa:13:2f:ad",
        "serialNumber": "ECB5FA132FAD",
        "modelId": "BSB002",
        "vendor": "Philips",
        "firmwareVersion": "1942135050"
      },
      "uid": {
        "segments": [
          "hue",
          "bridge",
          "ecb5fa132fad"
        ]
      },
      "thingTypeUID": {
        "segments": [
          "hue",
          "bridge"
        ]
      }
    }
  },
  "ntp:ntp:local": {
    "class": "org.eclipse.smarthome.core.thing.internal.ThingImpl",
    "value": {
      "label": "Local Time",
      "channels": [
        {
          "acceptedItemType": "DateTime",
          "kind": "STATE",
          "uid": {
            "segments": [
              "ntp",
              "ntp",
              "local",
              "dateTime"
            ]
          },
          "channelTypeUID": {
            "segments": [
              "ntp",
              "dateTime-channel"
            ]
          },
          "label": "Date",
          "description": "NTP refreshed date \u0026 time",
          "configuration": {
            "properties": {}
          },
          "properties": {},
          "defaultTags": []
        },
        {
          "acceptedItemType": "String",
          "kind": "STATE",
          "uid": {
            "segments": [
              "ntp",
              "ntp",
              "local",
              "string"
            ]
          },
          "channelTypeUID": {
            "segments": [
              "ntp",
              "string-channel"
            ]
          },
          "label": "Date",
          "description": "NTP refreshed date \u0026 time",
          "configuration": {
            "properties": {
              "DateTimeFormat": "yyyy-MM-dd HH:mm:ss z"
            }
          },
          "properties": {},
          "defaultTags": []
        }
      ],
      "configuration": {
        "properties": {
          "timeZone": "Europe/Berlin",
          "hostname": "0.pool.ntp.org",
          "serverPort": 123,
          "refreshInterval": 60,
          "refreshNtp": 30
        }
      },
      "properties": {},
      "uid": {
        "segments": [
          "ntp",
          "ntp",
          "local"
        ]
      },
      "thingTypeUID": {
        "segments": [
          "ntp",
          "ntp"
        ]
      }
    }
  },
  "hue:group:ecb5fa132fad:2": {
    "class": "org.eclipse.smarthome.core.thing.internal.ThingImpl",
    "value": {
      "label": "Enrihi tuba (Room)",
      "bridgeUID": {
        "segments": [
          "hue",
          "bridge",
          "ecb5fa132fad"
        ]
      },
      "channels": [
        {
          "acceptedItemType": "Switch",
          "kind": "STATE",
          "uid": {
            "segments": [
              "hue",
              "group",
              "ecb5fa132fad",
              "2",
              "switch"
            ]
          },
          "channelTypeUID": {
            "segments": [
              "hue",
              "switch"
            ]
          },
          "label": "Switch",
          "description": "The switch channel allows to switch the light on and off.",
          "configuration": {
            "properties": {}
          },
          "properties": {},
          "defaultTags": [
            "Lighting"
          ]
        },
        {
          "acceptedItemType": "Dimmer",
          "kind": "STATE",
          "uid": {
            "segments": [
              "hue",
              "group",
              "ecb5fa132fad",
              "2",
              "color_temperature"
            ]
          },
          "channelTypeUID": {
            "segments": [
              "hue",
              "color_temperature"
            ]
          },
          "label": "Color Temperature",
          "description": "The color temperature channel allows to set the color temperature of a light from 0 (cold) to 100 (warm).",
          "configuration": {
            "properties": {}
          },
          "properties": {},
          "defaultTags": []
        },
        {
          "acceptedItemType": "Dimmer",
          "kind": "STATE",
          "uid": {
            "segments": [
              "hue",
              "group",
              "ecb5fa132fad",
              "2",
              "brightness"
            ]
          },
          "channelTypeUID": {
            "segments": [
              "hue",
              "brightness"
            ]
          },
          "label": "Brightness",
          "description": "The brightness channel allows to control the brightness of a light. It is also possible to switch the light on and off.",
          "configuration": {
            "properties": {}
          },
          "properties": {},
          "defaultTags": [
            "Lighting"
          ]
        },
        {
          "acceptedItemType": "Color",
          "kind": "STATE",
          "uid": {
            "segments": [
              "hue",
              "group",
              "ecb5fa132fad",
              "2",
              "color"
            ]
          },
          "channelTypeUID": {
            "segments": [
              "hue",
              "color"
            ]
          },
          "label": "Color",
          "description": "The color channel allows to control the color of a light. It is also possible to dim values and switch the light on and off.",
          "configuration": {
            "properties": {}
          },
          "properties": {},
          "defaultTags": [
            "Lighting"
          ]
        },
        {
          "acceptedItemType": "String",
          "kind": "STATE",
          "uid": {
            "segments": [
              "hue",
              "group",
              "ecb5fa132fad",
              "2",
              "alert"
            ]
          },
          "channelTypeUID": {
            "segments": [
              "hue",
              "alert"
            ]
          },
          "label": "Alert",
          "description": "The alert channel allows a temporary change to the bulb’s state.",
          "configuration": {
            "properties": {}
          },
          "properties": {},
          "defaultTags": []
        },
        {
          "acceptedItemType": "String",
          "kind": "STATE",
          "uid": {
            "segments": [
              "hue",
              "group",
              "ecb5fa132fad",
              "2",
              "scene"
            ]
          },
          "channelTypeUID": {
            "segments": [
              "hue",
              "scene"
            ]
          },
          "label": "Scene",
          "description": "The scene channel allows recalling a scene to all lights that belong to the scene.",
          "configuration": {
            "properties": {}
          },
          "properties": {},
          "defaultTags": []
        }
      ],
      "configuration": {
        "properties": {
          "groupId": "2",
          "fadetime": 400
        }
      },
      "properties": {},
      "uid": {
        "segments": [
          "hue",
          "group",
          "ecb5fa132fad",
          "2"
        ]
      },
      "thingTypeUID": {
        "segments": [
          "hue",
          "group"
        ]
      }
    }
  },
  "hue:group:ecb5fa132fad:0": {
    "class": "org.eclipse.smarthome.core.thing.internal.ThingImpl",
    "value": {
      "label": "All lights (LightGroup)",
      "bridgeUID": {
        "segments": [
          "hue",
          "bridge",
          "ecb5fa132fad"
        ]
      },
      "channels": [
        {
          "acceptedItemType": "Switch",
          "kind": "STATE",
          "uid": {
            "segments": [
              "hue",
              "group",
              "ecb5fa132fad",
              "0",
              "switch"
            ]
          },
          "channelTypeUID": {
            "segments": [
              "hue",
              "switch"
            ]
          },
          "label": "Switch",
          "description": "The switch channel allows to switch the light on and off.",
          "configuration": {
            "properties": {}
          },
          "properties": {},
          "defaultTags": [
            "Lighting"
          ]
        },
        {
          "acceptedItemType": "Dimmer",
          "kind": "STATE",
          "uid": {
            "segments": [
              "hue",
              "group",
              "ecb5fa132fad",
              "0",
              "color_temperature"
            ]
          },
          "channelTypeUID": {
            "segments": [
              "hue",
              "color_temperature"
            ]
          },
          "label": "Color Temperature",
          "description": "The color temperature channel allows to set the color temperature of a light from 0 (cold) to 100 (warm).",
          "configuration": {
            "properties": {}
          },
          "properties": {},
          "defaultTags": []
        },
        {
          "acceptedItemType": "Dimmer",
          "kind": "STATE",
          "uid": {
            "segments": [
              "hue",
              "group",
              "ecb5fa132fad",
              "0",
              "brightness"
            ]
          },
          "channelTypeUID": {
            "segments": [
              "hue",
              "brightness"
            ]
          },
          "label": "Brightness",
          "description": "The brightness channel allows to control the brightness of a light. It is also possible to switch the light on and off.",
          "configuration": {
            "properties": {}
          },
          "properties": {},
          "defaultTags": [
            "Lighting"
          ]
        },
        {
          "acceptedItemType": "Color",
          "kind": "STATE",
          "uid": {
            "segments": [
              "hue",
              "group",
              "ecb5fa132fad",
              "0",
              "color"
            ]
          },
          "channelTypeUID": {
            "segments": [
              "hue",
              "color"
            ]
          },
          "label": "Color",
          "description": "The color channel allows to control the color of a light. It is also possible to dim values and switch the light on and off.",
          "configuration": {
            "properties": {}
          },
          "properties": {},
          "defaultTags": [
            "Lighting"
          ]
        },
        {
          "acceptedItemType": "String",
          "kind": "STATE",
          "uid": {
            "segments": [
              "hue",
              "group",
              "ecb5fa132fad",
              "0",
              "alert"
            ]
          },
          "channelTypeUID": {
            "segments": [
              "hue",
              "alert"
            ]
          },
          "label": "Alert",
          "description": "The alert channel allows a temporary change to the bulb’s state.",
          "configuration": {
            "properties": {}
          },
          "properties": {},
          "defaultTags": []
        },
        {
          "acceptedItemType": "String",
          "kind": "STATE",
          "uid": {
            "segments": [
              "hue",
              "group",
              "ecb5fa132fad",
              "0",
              "scene"
            ]
          },
          "channelTypeUID": {
            "segments": [
              "hue",
              "scene"
            ]
          },
          "label": "Scene",
          "description": "The scene channel allows recalling a scene to all lights that belong to the scene.",
          "configuration": {
            "properties": {}
          },
          "properties": {},
          "defaultTags": []
        }
      ],
      "configuration": {
        "properties": {
          "groupId": "0",
          "fadetime": 400
        }
      },
      "properties": {},
      "uid": {
        "segments": [
          "hue",
          "group",
          "ecb5fa132fad",
          "0"
        ]
      },
      "thingTypeUID": {
        "segments": [
          "hue",
          "group"
        ]
      }
    }
  },
  "hue:group:ecb5fa132fad:1": {
    "class": "org.eclipse.smarthome.core.thing.internal.ThingImpl",
    "value": {
      "label": "Köök (Room)",
      "bridgeUID": {
        "segments": [
          "hue",
          "bridge",
          "ecb5fa132fad"
        ]
      },
      "channels": [
        {
          "acceptedItemType": "Switch",
          "kind": "STATE",
          "uid": {
            "segments": [
              "hue",
              "group",
              "ecb5fa132fad",
              "1",
              "switch"
            ]
          },
          "channelTypeUID": {
            "segments": [
              "hue",
              "switch"
            ]
          },
          "label": "Switch",
          "description": "The switch channel allows to switch the light on and off.",
          "configuration": {
            "properties": {}
          },
          "properties": {},
          "defaultTags": [
            "Lighting"
          ]
        },
        {
          "acceptedItemType": "Dimmer",
          "kind": "STATE",
          "uid": {
            "segments": [
              "hue",
              "group",
              "ecb5fa132fad",
              "1",
              "color_temperature"
            ]
          },
          "channelTypeUID": {
            "segments": [
              "hue",
              "color_temperature"
            ]
          },
          "label": "Color Temperature",
          "description": "The color temperature channel allows to set the color temperature of a light from 0 (cold) to 100 (warm).",
          "configuration": {
            "properties": {}
          },
          "properties": {},
          "defaultTags": []
        },
        {
          "acceptedItemType": "Dimmer",
          "kind": "STATE",
          "uid": {
            "segments": [
              "hue",
              "group",
              "ecb5fa132fad",
              "1",
              "brightness"
            ]
          },
          "channelTypeUID": {
            "segments": [
              "hue",
              "brightness"
            ]
          },
          "label": "Brightness",
          "description": "The brightness channel allows to control the brightness of a light. It is also possible to switch the light on and off.",
          "configuration": {
            "properties": {}
          },
          "properties": {},
          "defaultTags": [
            "Lighting"
          ]
        },
        {
          "acceptedItemType": "Color",
          "kind": "STATE",
          "uid": {
            "segments": [
              "hue",
              "group",
              "ecb5fa132fad",
              "1",
              "color"
            ]
          },
          "channelTypeUID": {
            "segments": [
              "hue",
              "color"
            ]
          },
          "label": "Color",
          "description": "The color channel allows to control the color of a light. It is also possible to dim values and switch the light on and off.",
          "configuration": {
            "properties": {}
          },
          "properties": {},
          "defaultTags": [
            "Lighting"
          ]
        },
        {
          "acceptedItemType": "String",
          "kind": "STATE",
          "uid": {
            "segments": [
              "hue",
              "group",
              "ecb5fa132fad",
              "1",
              "alert"
            ]
          },
          "channelTypeUID": {
            "segments": [
              "hue",
              "alert"
            ]
          },
          "label": "Alert",
          "description": "The alert channel allows a temporary change to the bulb’s state.",
          "configuration": {
            "properties": {}
          },
          "properties": {},
          "defaultTags": []
        },
        {
          "acceptedItemType": "String",
          "kind": "STATE",
          "uid": {
            "segments": [
              "hue",
              "group",
              "ecb5fa132fad",
              "1",
              "scene"
            ]
          },
          "channelTypeUID": {
            "segments": [
              "hue",
              "scene"
            ]
          },
          "label": "Scene",
          "description": "The scene channel allows recalling a scene to all lights that belong to the scene.",
          "configuration": {
            "properties": {}
          },
          "properties": {},
          "defaultTags": []
        }
      ],
      "configuration": {
        "properties": {
          "groupId": "1",
          "fadetime": 400
        }
      },
      "properties": {},
      "uid": {
        "segments": [
          "hue",
          "group",
          "ecb5fa132fad",
          "1"
        ]
      },
      "thingTypeUID": {
        "segments": [
          "hue",
          "group"
        ]
      }
    }
  },
  "hue:group:ecb5fa132fad:6": {
    "class": "org.eclipse.smarthome.core.thing.internal.ThingImpl",
    "value": {
      "label": "Kodu (Zone)",
      "bridgeUID": {
        "segments": [
          "hue",
          "bridge",
          "ecb5fa132fad"
        ]
      },
      "channels": [
        {
          "acceptedItemType": "Switch",
          "kind": "STATE",
          "uid": {
            "segments": [
              "hue",
              "group",
              "ecb5fa132fad",
              "6",
              "switch"
            ]
          },
          "channelTypeUID": {
            "segments": [
              "hue",
              "switch"
            ]
          },
          "label": "Switch",
          "description": "The switch channel allows to switch the light on and off.",
          "configuration": {
            "properties": {}
          },
          "properties": {},
          "defaultTags": [
            "Lighting"
          ]
        },
        {
          "acceptedItemType": "Dimmer",
          "kind": "STATE",
          "uid": {
            "segments": [
              "hue",
              "group",
              "ecb5fa132fad",
              "6",
              "color_temperature"
            ]
          },
          "channelTypeUID": {
            "segments": [
              "hue",
              "color_temperature"
            ]
          },
          "label": "Color Temperature",
          "description": "The color temperature channel allows to set the color temperature of a light from 0 (cold) to 100 (warm).",
          "configuration": {
            "properties": {}
          },
          "properties": {},
          "defaultTags": []
        },
        {
          "acceptedItemType": "Dimmer",
          "kind": "STATE",
          "uid": {
            "segments": [
              "hue",
              "group",
              "ecb5fa132fad",
              "6",
              "brightness"
            ]
          },
          "channelTypeUID": {
            "segments": [
              "hue",
              "brightness"
            ]
          },
          "label": "Brightness",
          "description": "The brightness channel allows to control the brightness of a light. It is also possible to switch the light on and off.",
          "configuration": {
            "properties": {}
          },
          "properties": {},
          "defaultTags": [
            "Lighting"
          ]
        },
        {
          "acceptedItemType": "Color",
          "kind": "STATE",
          "uid": {
            "segments": [
              "hue",
              "group",
              "ecb5fa132fad",
              "6",
              "color"
            ]
          },
          "channelTypeUID": {
            "segments": [
              "hue",
              "color"
            ]
          },
          "label": "Color",
          "description": "The color channel allows to control the color of a light. It is also possible to dim values and switch the light on and off.",
          "configuration": {
            "properties": {}
          },
          "properties": {},
          "defaultTags": [
            "Lighting"
          ]
        },
        {
          "acceptedItemType": "String",
          "kind": "STATE",
          "uid": {
            "segments": [
              "hue",
              "group",
              "ecb5fa132fad",
              "6",
              "alert"
            ]
          },
          "channelTypeUID": {
            "segments": [
              "hue",
              "alert"
            ]
          },
          "label": "Alert",
          "description": "The alert channel allows a temporary change to the bulb’s state.",
          "configuration": {
            "properties": {}
          },
          "properties": {},
          "defaultTags": []
        },
        {
          "acceptedItemType": "String",
          "kind": "STATE",
          "uid": {
            "segments": [
              "hue",
              "group",
              "ecb5fa132fad",
              "6",
              "scene"
            ]
          },
          "channelTypeUID": {
            "segments": [
              "hue",
              "scene"
            ]
          },
          "label": "Scene",
          "description": "The scene channel allows recalling a scene to all lights that belong to the scene.",
          "configuration": {
            "properties": {}
          },
          "properties": {},
          "defaultTags": []
        }
      ],
      "configuration": {
        "properties": {
          "groupId": "6",
          "fadetime": 400
        }
      },
      "properties": {},
      "uid": {
        "segments": [
          "hue",
          "group",
          "ecb5fa132fad",
          "6"
        ]
      },
      "thingTypeUID": {
        "segments": [
          "hue",
          "group"
        ]
      }
    }
  },
  "hue:group:ecb5fa132fad:4": {
    "class": "org.eclipse.smarthome.core.thing.internal.ThingImpl",
    "value": {
      "label": "Merilini \u0026 Helena (Room)",
      "bridgeUID": {
        "segments": [
          "hue",
          "bridge",
          "ecb5fa132fad"
        ]
      },
      "channels": [
        {
          "acceptedItemType": "Switch",
          "kind": "STATE",
          "uid": {
            "segments": [
              "hue",
              "group",
              "ecb5fa132fad",
              "4",
              "switch"
            ]
          },
          "channelTypeUID": {
            "segments": [
              "hue",
              "switch"
            ]
          },
          "label": "Switch",
          "description": "The switch channel allows to switch the light on and off.",
          "configuration": {
            "properties": {}
          },
          "properties": {},
          "defaultTags": [
            "Lighting"
          ]
        },
        {
          "acceptedItemType": "Dimmer",
          "kind": "STATE",
          "uid": {
            "segments": [
              "hue",
              "group",
              "ecb5fa132fad",
              "4",
              "color_temperature"
            ]
          },
          "channelTypeUID": {
            "segments": [
              "hue",
              "color_temperature"
            ]
          },
          "label": "Color Temperature",
          "description": "The color temperature channel allows to set the color temperature of a light from 0 (cold) to 100 (warm).",
          "configuration": {
            "properties": {}
          },
          "properties": {},
          "defaultTags": []
        },
        {
          "acceptedItemType": "Dimmer",
          "kind": "STATE",
          "uid": {
            "segments": [
              "hue",
              "group",
              "ecb5fa132fad",
              "4",
              "brightness"
            ]
          },
          "channelTypeUID": {
            "segments": [
              "hue",
              "brightness"
            ]
          },
          "label": "Brightness",
          "description": "The brightness channel allows to control the brightness of a light. It is also possible to switch the light on and off.",
          "configuration": {
            "properties": {}
          },
          "properties": {},
          "defaultTags": [
            "Lighting"
          ]
        },
        {
          "acceptedItemType": "Color",
          "kind": "STATE",
          "uid": {
            "segments": [
              "hue",
              "group",
              "ecb5fa132fad",
              "4",
              "color"
            ]
          },
          "channelTypeUID": {
            "segments": [
              "hue",
              "color"
            ]
          },
          "label": "Color",
          "description": "The color channel allows to control the color of a light. It is also possible to dim values and switch the light on and off.",
          "configuration": {
            "properties": {}
          },
          "properties": {},
          "defaultTags": [
            "Lighting"
          ]
        },
        {
          "acceptedItemType": "String",
          "kind": "STATE",
          "uid": {
            "segments": [
              "hue",
              "group",
              "ecb5fa132fad",
              "4",
              "alert"
            ]
          },
          "channelTypeUID": {
            "segments": [
              "hue",
              "alert"
            ]
          },
          "label": "Alert",
          "description": "The alert channel allows a temporary change to the bulb’s state.",
          "configuration": {
            "properties": {}
          },
          "properties": {},
          "defaultTags": []
        },
        {
          "acceptedItemType": "String",
          "kind": "STATE",
          "uid": {
            "segments": [
              "hue",
              "group",
              "ecb5fa132fad",
              "4",
              "scene"
            ]
          },
          "channelTypeUID": {
            "segments": [
              "hue",
              "scene"
            ]
          },
          "label": "Scene",
          "description": "The scene channel allows recalling a scene to all lights that belong to the scene.",
          "configuration": {
            "properties": {}
          },
          "properties": {},
          "defaultTags": []
        }
      ],
      "configuration": {
        "properties": {
          "groupId": "4",
          "fadetime": 400
        }
      },
      "properties": {},
      "uid": {
        "segments": [
          "hue",
          "group",
          "ecb5fa132fad",
          "4"
        ]
      },
      "thingTypeUID": {
        "segments": [
          "hue",
          "group"
        ]
      }
    }
  },
  "mqtt:systemBroker:embedded-mqtt-broker": {
    "class": "org.eclipse.smarthome.core.thing.internal.BridgeImpl",
    "value": {
      "label": "MQTT Broker",
      "channels": [],
      "configuration": {
        "properties": {
          "brokerid": "embedded-mqtt-broker",
          "enableDiscovery": true
        }
      },
      "properties": {
        "password": "",
        "qos": "0",
        "port": "1883.0",
        "retain": "false",
        "keep_alive_time_ms": "60",
        "host": "localhost",
        "reconnect_time_ms": "60000",
        "lastwill": "",
        "url": "localhost:1883",
        "username": ""
      },
      "uid": {
        "segments": [
          "mqtt",
          "systemBroker",
          "embedded-mqtt-broker"
        ]
      },
      "thingTypeUID": {
        "segments": [
          "mqtt",
          "systemBroker"
        ]
      }
    }
  }
}