{
  "HUEEMU:Shutter_GF_Living": {
    "class": "org.eclipse.smarthome.core.items.Metadata",
    "value": {
      "key": {
        "segments": [
          "HUEEMU",
          "Shutter_GF_Living"
        ]
      },
      "value": "5",
      "configuration": {}
    }
  },
  "HUEEMU:Window_FF_Office_Window": {
    "class": "org.eclipse.smarthome.core.items.Metadata",
    "value": {
      "key": {
        "segments": [
          "HUEEMU",
          "Window_FF_Office_Window"
        ]
      },
      "value": "15",
      "configuration": {}
    }
  },
  "HUEEMU:Light_C_Washing_Ceiling": {
    "class": "org.eclipse.smarthome.core.items.Metadata",
    "value": {
      "key": {
        "segments": [
          "HUEEMU",
          "Light_C_Washing_Ceiling"
        ]
      },
      "value": "21",
      "configuration": {}
    }
  },
  "HUEEMU:Light_C_Workshop": {
    "class": "org.eclipse.smarthome.core.items.Metadata",
    "value": {
      "key": {
        "segments": [
          "HUEEMU",
          "Light_C_Workshop"
        ]
      },
      "value": "3",
      "configuration": {}
    }
  },
  "HUEEMU:gFF": {
    "class": "org.eclipse.smarthome.core.items.Metadata",
    "value": {
      "key": {
        "segments": [
          "HUEEMU",
          "gFF"
        ]
      },
      "value": "71",
      "configuration": {}
    }
  },
  "HUEEMU:Sunrise_Time": {
    "class": "org.eclipse.smarthome.core.items.Metadata",
    "value": {
      "key": {
        "segments": [
          "HUEEMU",
          "Sunrise_Time"
        ]
      },
      "value": "96",
      "configuration": {}
    }
  },
  "HUEEMU:Weather_Temp_Min": {
    "class": "org.eclipse.smarthome.core.items.Metadata",
    "value": {
      "key": {
        "segments": [
          "HUEEMU",
          "Weather_Temp_Min"
        ]
      },
      "value": "38",
      "configuration": {}
    }
  },
  "HUEEMU:Weather_Chart_Period": {
    "class": "org.eclipse.smarthome.core.items.Metadata",
    "value": {
      "key": {
        "segments": [
          "HUEEMU",
          "Weather_Chart_Period"
        ]
      },
      "value": "8",
      "configuration": {}
    }
  },
  "HUEEMU:DemoLocation": {
    "class": "org.eclipse.smarthome.core.items.Metadata",
    "value": {
      "key": {
        "segments": [
          "HUEEMU",
          "DemoLocation"
        ]
      },
      "value": "102",
      "configuration": {}
    }
  },
  "HUEEMU:Light_GF_Corridor_Wardrobe": {
    "class": "org.eclipse.smarthome.core.items.Metadata",
    "value": {
      "key": {
        "segments": [
          "HUEEMU",
          "Light_GF_Corridor_Wardrobe"
        ]
      },
      "value": "34",
      "configuration": {}
    }
  },
  "HUEEMU:Shutter_FF_Office_Door": {
    "class": "org.eclipse.smarthome.core.items.Metadata",
    "value": {
      "key": {
        "segments": [
          "HUEEMU",
          "Shutter_FF_Office_Door"
        ]
      },
      "value": "59",
      "configuration": {}
    }
  },
  "HUEEMU:Window_GF_Living": {
    "class": "org.eclipse.smarthome.core.items.Metadata",
    "value": {
      "key": {
        "segments": [
          "HUEEMU",
          "Window_GF_Living"
        ]
      },
      "value": "47",
      "configuration": {}
    }
  },
  "HUEEMU:CurrentDate": {
    "class": "org.eclipse.smarthome.core.items.Metadata",
    "value": {
      "key": {
        "segments": [
          "HUEEMU",
          "CurrentDate"
        ]
      },
      "value": "101",
      "configuration": {}
    }
  },
  "HUEEMU:Light_FF_Bed_Ceiling": {
    "class": "org.eclipse.smarthome.core.items.Metadata",
    "value": {
      "key": {
        "segments": [
          "HUEEMU",
          "Light_FF_Bed_Ceiling"
        ]
      },
      "value": "11",
      "configuration": {}
    }
  },
  "HUEEMU:Light_C_Corridor_Ceiling": {
    "class": "org.eclipse.smarthome.core.items.Metadata",
    "value": {
      "key": {
        "segments": [
          "HUEEMU",
          "Light_C_Corridor_Ceiling"
        ]
      },
      "value": "28",
      "configuration": {}
    }
  },
  "HUEEMU:Garage_Door": {
    "class": "org.eclipse.smarthome.core.items.Metadata",
    "value": {
      "key": {
        "segments": [
          "HUEEMU",
          "Garage_Door"
        ]
      },
      "value": "36",
      "configuration": {}
    }
  },
  "HUEEMU:Temperature_FF_Bath": {
    "class": "org.eclipse.smarthome.core.items.Metadata",
    "value": {
      "key": {
        "segments": [
          "HUEEMU",
          "Temperature_FF_Bath"
        ]
      },
      "value": "67",
      "configuration": {}
    }
  },
  "HUEEMU:Temperature_FF_Bed": {
    "class": "org.eclipse.smarthome.core.items.Metadata",
    "value": {
      "key": {
        "segments": [
          "HUEEMU",
          "Temperature_FF_Bed"
        ]
      },
      "value": "26",
      "configuration": {}
    }
  },
  "HUEEMU:Light_Garden_Terrace": {
    "class": "org.eclipse.smarthome.core.items.Metadata",
    "value": {
      "key": {
        "segments": [
          "HUEEMU",
          "Light_Garden_Terrace"
        ]
      },
      "value": "60",
      "configuration": {}
    }
  },
  "HUEEMU:DemoBlinds": {
    "class": "org.eclipse.smarthome.core.items.Metadata",
    "value": {
      "key": {
        "segments": [
          "HUEEMU",
          "DemoBlinds"
        ]
      },
      "value": "17",
      "configuration": {}
    }
  },
  "HUEEMU:Light_FF_Office_Ceiling": {
    "class": "org.eclipse.smarthome.core.items.Metadata",
    "value": {
      "key": {
        "segments": [
          "HUEEMU",
          "Light_FF_Office_Ceiling"
        ]
      },
      "value": "10",
      "configuration": {}
    }
  },
  "HUEEMU:gGF": {
    "class": "org.eclipse.smarthome.core.items.Metadata",
    "value": {
      "key": {
        "segments": [
          "HUEEMU",
          "gGF"
        ]
      },
      "value": "72",
      "configuration": {}
    }
  },
  "HUEEMU:Light_GF_Kitchen_Ceiling": {
    "class": "org.eclipse.smarthome.core.items.Metadata",
    "value": {
      "key": {
        "segments": [
          "HUEEMU",
          "Light_GF_Kitchen_Ceiling"
        ]
      },
      "value": "45",
      "configuration": {}
    }
  },
  "HUEEMU:Scene_General": {
    "class": "org.eclipse.smarthome.core.items.Metadata",
    "value": {
      "key": {
        "segments": [
          "HUEEMU",
          "Scene_General"
        ]
      },
      "value": "64",
      "configuration": {}
    }
  },
  "HUEEMU:Light_C_Staircase": {
    "class": "org.eclipse.smarthome.core.items.Metadata",
    "value": {
      "key": {
        "segments": [
          "HUEEMU",
          "Light_C_Staircase"
        ]
      },
      "value": "9",
      "configuration": {}
    }
  },
  "HUEEMU:DemoSwitch": {
    "class": "org.eclipse.smarthome.core.items.Metadata",
    "value": {
      "key": {
        "segments": [
          "HUEEMU",
          "DemoSwitch"
        ]
      },
      "value": "49",
      "configuration": {}
    }
  },
  "HUEEMU:Light_GF_Corridor_Ceiling": {
    "class": "org.eclipse.smarthome.core.items.Metadata",
    "value": {
      "key": {
        "segments": [
          "HUEEMU",
          "Light_GF_Corridor_Ceiling"
        ]
      },
      "value": "68",
      "configuration": {}
    }
  },
  "HUEEMU:Light_GF_Kitchen_Table": {
    "class": "org.eclipse.smarthome.core.items.Metadata",
    "value": {
      "key": {
        "segments": [
          "HUEEMU",
          "Light_GF_Kitchen_Table"
        ]
      },
      "value": "32",
      "configuration": {}
    }
  },
  "HUEEMU:Window_GF_Kitchen": {
    "class": "org.eclipse.smarthome.core.items.Metadata",
    "value": {
      "key": {
        "segments": [
          "HUEEMU",
          "Window_GF_Kitchen"
        ]
      },
      "value": "18",
      "configuration": {}
    }
  },
  "HUEEMU:GF_Corridor": {
    "class": "org.eclipse.smarthome.core.items.Metadata",
    "value": {
      "key": {
        "segments": [
          "HUEEMU",
          "GF_Corridor"
        ]
      },
      "value": "81",
      "configuration": {}
    }
  },
  "HUEEMU:Shutters": {
    "class": "org.eclipse.smarthome.core.items.Metadata",
    "value": {
      "key": {
        "segments": [
          "HUEEMU",
          "Shutters"
        ]
      },
      "value": "77",
      "configuration": {}
    }
  },
  "HUEEMU:FF_Daughter": {
    "class": "org.eclipse.smarthome.core.items.Metadata",
    "value": {
      "key": {
        "segments": [
          "HUEEMU",
          "FF_Daughter"
        ]
      },
      "value": "85",
      "configuration": {}
    }
  },
  "HUEEMU:Window_FF_Bed": {
    "class": "org.eclipse.smarthome.core.items.Metadata",
    "value": {
      "key": {
        "segments": [
          "HUEEMU",
          "Window_FF_Bed"
        ]
      },
      "value": "7",
      "configuration": {}
    }
  },
  "HUEEMU:Light_FF_Bath_Ceiling": {
    "class": "org.eclipse.smarthome.core.items.Metadata",
    "value": {
      "key": {
        "segments": [
          "HUEEMU",
          "Light_FF_Bath_Ceiling"
        ]
      },
      "value": "54",
      "configuration": {}
    }
  },
  "HUEEMU:Weather_Temperature": {
    "class": "org.eclipse.smarthome.core.items.Metadata",
    "value": {
      "key": {
        "segments": [
          "HUEEMU",
          "Weather_Temperature"
        ]
      },
      "value": "62",
      "configuration": {}
    }
  },
  "HUEEMU:Weather": {
    "class": "org.eclipse.smarthome.core.items.Metadata",
    "value": {
      "key": {
        "segments": [
          "HUEEMU",
          "Weather"
        ]
      },
      "value": "75",
      "configuration": {}
    }
  },
  "HUEEMU:Shutter_FF_Bath": {
    "class": "org.eclipse.smarthome.core.items.Metadata",
    "value": {
      "key": {
        "segments": [
          "HUEEMU",
          "Shutter_FF_Bath"
        ]
      },
      "value": "58",
      "configuration": {}
    }
  },
  "HUEEMU:Shutter_FF_Office_Window": {
    "class": "org.eclipse.smarthome.core.items.Metadata",
    "value": {
      "key": {
        "segments": [
          "HUEEMU",
          "Shutter_FF_Office_Window"
        ]
      },
      "value": "46",
      "configuration": {}
    }
  },
  "HUEEMU:Temperature_FF_Daughter": {
    "class": "org.eclipse.smarthome.core.items.Metadata",
    "value": {
      "key": {
        "segments": [
          "HUEEMU",
          "Temperature_FF_Daughter"
        ]
      },
      "value": "50",
      "configuration": {}
    }
  },
  "HUEEMU:RGBLight": {
    "class": "org.eclipse.smarthome.core.items.Metadata",
    "value": {
      "key": {
        "segments": [
          "HUEEMU",
          "RGBLight"
        ]
      },
      "value": "30",
      "configuration": {}
    }
  },
  "HUEEMU:Windows": {
    "class": "org.eclipse.smarthome.core.items.Metadata",
    "value": {
      "key": {
        "segments": [
          "HUEEMU",
          "Windows"
        ]
      },
      "value": "91",
      "configuration": {}
    }
  },
  "HUEEMU:Wifi_Level": {
    "class": "org.eclipse.smarthome.core.items.Metadata",
    "value": {
      "key": {
        "segments": [
          "HUEEMU",
          "Wifi_Level"
        ]
      },
      "value": "23",
      "configuration": {}
    }
  },
  "HUEEMU:GF_Living": {
    "class": "org.eclipse.smarthome.core.items.Metadata",
    "value": {
      "key": {
        "segments": [
          "HUEEMU",
          "GF_Living"
        ]
      },
      "value": "78",
      "configuration": {}
    }
  },
  "HUEEMU:Heating_GF_Corridor": {
    "class": "org.eclipse.smarthome.core.items.Metadata",
    "value": {
      "key": {
        "segments": [
          "HUEEMU",
          "Heating_GF_Corridor"
        ]
      },
      "value": "12",
      "configuration": {}
    }
  },
  "HUEEMU:Temperature_FF_Office": {
    "class": "org.eclipse.smarthome.core.items.Metadata",
    "value": {
      "key": {
        "segments": [
          "HUEEMU",
          "Temperature_FF_Office"
        ]
      },
      "value": "69",
      "configuration": {}
    }
  },
  "HUEEMU:FF_Bath": {
    "class": "org.eclipse.smarthome.core.items.Metadata",
    "value": {
      "key": {
        "segments": [
          "HUEEMU",
          "FF_Bath"
        ]
      },
      "value": "82",
      "configuration": {}
    }
  },
  "HUEEMU:Weather_Chart": {
    "class": "org.eclipse.smarthome.core.items.Metadata",
    "value": {
      "key": {
        "segments": [
          "HUEEMU",
          "Weather_Chart"
        ]
      },
      "value": "92",
      "configuration": {}
    }
  },
  "HUEEMU:Sunset_Time": {
    "class": "org.eclipse.smarthome.core.items.Metadata",
    "value": {
      "key": {
        "segments": [
          "HUEEMU",
          "Sunset_Time"
        ]
      },
      "value": "97",
      "configuration": {}
    }
  },
  "HUEEMU:Heating_GF_Kitchen": {
    "class": "org.eclipse.smarthome.core.items.Metadata",
    "value": {
      "key": {
        "segments": [
          "HUEEMU",
          "Heating_GF_Kitchen"
        ]
      },
      "value": "70",
      "configuration": {}
    }
  },
  "HUEEMU:Moon_Azimuth": {
    "class": "org.eclipse.smarthome.core.items.Metadata",
    "value": {
      "key": {
        "segments": [
          "HUEEMU",
          "Moon_Azimuth"
        ]
      },
      "value": "99",
      "configuration": {}
    }
  },
  "HUEEMU:Light_FF_Bath_Mirror": {
    "class": "org.eclipse.smarthome.core.items.Metadata",
    "value": {
      "key": {
        "segments": [
          "HUEEMU",
          "Light_FF_Bath_Mirror"
        ]
      },
      "value": "52",
      "configuration": {}
    }
  },
  "HUEEMU:Window_GF_Toilet": {
    "class": "org.eclipse.smarthome.core.items.Metadata",
    "value": {
      "key": {
        "segments": [
          "HUEEMU",
          "Window_GF_Toilet"
        ]
      },
      "value": "33",
      "configuration": {}
    }
  },
  "HUEEMU:Light_FF_Daughter_Ceiling": {
    "class": "org.eclipse.smarthome.core.items.Metadata",
    "value": {
      "key": {
        "segments": [
          "HUEEMU",
          "Light_FF_Daughter_Ceiling"
        ]
      },
      "value": "6",
      "configuration": {}
    }
  },
  "HUEEMU:Radio_Station": {
    "class": "org.eclipse.smarthome.core.items.Metadata",
    "value": {
      "key": {
        "segments": [
          "HUEEMU",
          "Radio_Station"
        ]
      },
      "value": "57",
      "configuration": {}
    }
  },
  "HUEEMU:Light_GF_Toilet_Ceiling": {
    "class": "org.eclipse.smarthome.core.items.Metadata",
    "value": {
      "key": {
        "segments": [
          "HUEEMU",
          "Light_GF_Toilet_Ceiling"
        ]
      },
      "value": "51",
      "configuration": {}
    }
  },
  "HUEEMU:Sun_Elevation": {
    "class": "org.eclipse.smarthome.core.items.Metadata",
    "value": {
      "key": {
        "segments": [
          "HUEEMU",
          "Sun_Elevation"
        ]
      },
      "value": "94",
      "configuration": {}
    }
  },
  "HUEEMU:Heating_FF_Son": {
    "class": "org.eclipse.smarthome.core.items.Metadata",
    "value": {
      "key": {
        "segments": [
          "HUEEMU",
          "Heating_FF_Son"
        ]
      },
      "value": "44",
      "configuration": {}
    }
  },
  "HUEEMU:Heating_GF_Toilet": {
    "class": "org.eclipse.smarthome.core.items.Metadata",
    "value": {
      "key": {
        "segments": [
          "HUEEMU",
          "Heating_GF_Toilet"
        ]
      },
      "value": "43",
      "configuration": {}
    }
  },
  "HUEEMU:Temperature_GF_Kitchen": {
    "class": "org.eclipse.smarthome.core.items.Metadata",
    "value": {
      "key": {
        "segments": [
          "HUEEMU",
          "Temperature_GF_Kitchen"
        ]
      },
      "value": "13",
      "configuration": {}
    }
  },
  "HUEEMU:FF_Office": {
    "class": "org.eclipse.smarthome.core.items.Metadata",
    "value": {
      "key": {
        "segments": [
          "HUEEMU",
          "FF_Office"
        ]
      },
      "value": "83",
      "configuration": {}
    }
  },
  "HUEEMU:Moon_Elevation": {
    "class": "org.eclipse.smarthome.core.items.Metadata",
    "value": {
      "key": {
        "segments": [
          "HUEEMU",
          "Moon_Elevation"
        ]
      },
      "value": "98",
      "configuration": {}
    }
  },
  "HUEEMU:FF_Corridor": {
    "class": "org.eclipse.smarthome.core.items.Metadata",
    "value": {
      "key": {
        "segments": [
          "HUEEMU",
          "FF_Corridor"
        ]
      },
      "value": "87",
      "configuration": {}
    }
  },
  "HUEEMU:Temperature_GF_Corridor": {
    "class": "org.eclipse.smarthome.core.items.Metadata",
    "value": {
      "key": {
        "segments": [
          "HUEEMU",
          "Temperature_GF_Corridor"
        ]
      },
      "value": "66",
      "configuration": {}
    }
  },
  "HUEEMU:Heating_FF_Daughter": {
    "class": "org.eclipse.smarthome.core.items.Metadata",
    "value": {
      "key": {
        "segments": [
          "HUEEMU",
          "Heating_FF_Daughter"
        ]
      },
      "value": "37",
      "configuration": {}
    }
  },
  "HUEEMU:Volume": {
    "class": "org.eclipse.smarthome.core.items.Metadata",
    "value": {
      "key": {
        "segments": [
          "HUEEMU",
          "Volume"
        ]
      },
      "value": "24",
      "configuration": {}
    }
  },
  "HUEEMU:Weather_LastUpdate": {
    "class": "org.eclipse.smarthome.core.items.Metadata",
    "value": {
      "key": {
        "segments": [
          "HUEEMU",
          "Weather_LastUpdate"
        ]
      },
      "value": "93",
      "configuration": {}
    }
  },
  "HUEEMU:Temperature_GF_Living": {
    "class": "org.eclipse.smarthome.core.items.Metadata",
    "value": {
      "key": {
        "segments": [
          "HUEEMU",
          "Temperature_GF_Living"
        ]
      },
      "value": "16",
      "configuration": {}
    }
  },
  "HUEEMU:Status": {
    "class": "org.eclipse.smarthome.core.items.Metadata",
    "value": {
      "key": {
        "segments": [
          "HUEEMU",
          "Status"
        ]
      },
      "value": "76",
      "configuration": {}
    }
  },
  "HUEEMU:Light_Garden_Garage": {
    "class": "org.eclipse.smarthome.core.items.Metadata",
    "value": {
      "key": {
        "segments": [
          "HUEEMU",
          "Light_Garden_Garage"
        ]
      },
      "value": "4",
      "configuration": {}
    }
  },
  "HUEEMU:Sun_Azimuth": {
    "class": "org.eclipse.smarthome.core.items.Metadata",
    "value": {
      "key": {
        "segments": [
          "HUEEMU",
          "Sun_Azimuth"
        ]
      },
      "value": "95",
      "configuration": {}
    }
  },
  "HUEEMU:GF_Toilet": {
    "class": "org.eclipse.smarthome.core.items.Metadata",
    "value": {
      "key": {
        "segments": [
          "HUEEMU",
          "GF_Toilet"
        ]
      },
      "value": "80",
      "configuration": {}
    }
  },
  "HUEEMU:Heating_FF_Office": {
    "class": "org.eclipse.smarthome.core.items.Metadata",
    "value": {
      "key": {
        "segments": [
          "HUEEMU",
          "Heating_FF_Office"
        ]
      },
      "value": "40",
      "configuration": {}
    }
  },
  "HUEEMU:Window_FF_Bath": {
    "class": "org.eclipse.smarthome.core.items.Metadata",
    "value": {
      "key": {
        "segments": [
          "HUEEMU",
          "Window_FF_Bath"
        ]
      },
      "value": "63",
      "configuration": {}
    }
  },
  "HUEEMU:gC": {
    "class": "org.eclipse.smarthome.core.items.Metadata",
    "value": {
      "key": {
        "segments": [
          "HUEEMU",
          "gC"
        ]
      },
      "value": "73",
      "configuration": {}
    }
  },
  "HUEEMU:Temperature": {
    "class": "org.eclipse.smarthome.core.items.Metadata",
    "value": {
      "key": {
        "segments": [
          "HUEEMU",
          "Temperature"
        ]
      },
      "value": "90",
      "configuration": {}
    }
  },
  "HUEEMU:GF_Kitchen": {
    "class": "org.eclipse.smarthome.core.items.Metadata",
    "value": {
      "key": {
        "segments": [
          "HUEEMU",
          "GF_Kitchen"
        ]
      },
      "value": "79",
      "configuration": {}
    }
  },
  "HUEEMU:Temperature_Setpoint": {
    "class": "org.eclipse.smarthome.core.items.Metadata",
    "value": {
      "key": {
        "segments": [
          "HUEEMU",
          "Temperature_Setpoint"
        ]
      },
      "value": "55",
      "configuration": {}
    }
  },
  "HUEEMU:Light_FF_Son_Ceiling": {
    "class": "org.eclipse.smarthome.core.items.Metadata",
    "value": {
      "key": {
        "segments": [
          "HUEEMU",
          "Light_FF_Son_Ceiling"
        ]
      },
      "value": "22",
      "configuration": {}
    }
  },
  "HUEEMU:Shutter_all": {
    "class": "org.eclipse.smarthome.core.items.Metadata",
    "value": {
      "key": {
        "segments": [
          "HUEEMU",
          "Shutter_all"
        ]
      },
      "value": "14",
      "configuration": {}
    }
  },
  "HUEEMU:Heating": {
    "class": "org.eclipse.smarthome.core.items.Metadata",
    "value": {
      "key": {
        "segments": [
          "HUEEMU",
          "Heating"
        ]
      },
      "value": "89",
      "configuration": {}
    }
  },
  "HUEEMU:Window_GF_Frontdoor": {
    "class": "org.eclipse.smarthome.core.items.Metadata",
    "value": {
      "key": {
        "segments": [
          "HUEEMU",
          "Window_GF_Frontdoor"
        ]
      },
      "value": "29",
      "configuration": {}
    }
  },
  "HUEEMU:Temperature_GF_Toilet": {
    "class": "org.eclipse.smarthome.core.items.Metadata",
    "value": {
      "key": {
        "segments": [
          "HUEEMU",
          "Temperature_GF_Toilet"
        ]
      },
      "value": "48",
      "configuration": {}
    }
  },
  "HUEEMU:Light_GF_Toilet_Mirror": {
    "class": "org.eclipse.smarthome.core.items.Metadata",
    "value": {
      "key": {
        "segments": [
          "HUEEMU",
          "Light_GF_Toilet_Mirror"
        ]
      },
      "value": "19",
      "configuration": {}
    }
  },
  "HUEEMU:DemoShutter": {
    "class": "org.eclipse.smarthome.core.items.Metadata",
    "value": {
      "key": {
        "segments": [
          "HUEEMU",
          "DemoShutter"
        ]
      },
      "value": "56",
      "configuration": {}
    }
  },
  "HUEEMU:Shutter_GF_Kitchen": {
    "class": "org.eclipse.smarthome.core.items.Metadata",
    "value": {
      "key": {
        "segments": [
          "HUEEMU",
          "Shutter_GF_Kitchen"
        ]
      },
      "value": "42",
      "configuration": {}
    }
  },
  "HUEEMU:Moon_Phase": {
    "class": "org.eclipse.smarthome.core.items.Metadata",
    "value": {
      "key": {
        "segments": [
          "HUEEMU",
          "Moon_Phase"
        ]
      },
      "value": "100",
      "configuration": {}
    }
  },
  "HUEEMU:Heating_GF_Living": {
    "class": "org.eclipse.smarthome.core.items.Metadata",
    "value": {
      "key": {
        "segments": [
          "HUEEMU",
          "Heating_GF_Living"
        ]
      },
      "value": "61",
      "configuration": {}
    }
  },
  "HUEEMU:Garden": {
    "class": "org.eclipse.smarthome.core.items.Metadata",
    "value": {
      "key": {
        "segments": [
          "HUEEMU",
          "Garden"
        ]
      },
      "value": "74",
      "configuration": {}
    }
  },
  "HUEEMU:FF_Bed": {
    "class": "org.eclipse.smarthome.core.items.Metadata",
    "value": {
      "key": {
        "segments": [
          "HUEEMU",
          "FF_Bed"
        ]
      },
      "value": "86",
      "configuration": {}
    }
  },
  "HUEEMU:Light_FF_Corridor_Ceiling": {
    "class": "org.eclipse.smarthome.core.items.Metadata",
    "value": {
      "key": {
        "segments": [
          "HUEEMU",
          "Light_FF_Corridor_Ceiling"
        ]
      },
      "value": "27",
      "configuration": {}
    }
  },
  "HUEEMU:Temperature_FF_Son": {
    "class": "org.eclipse.smarthome.core.items.Metadata",
    "value": {
      "key": {
        "segments": [
          "HUEEMU",
          "Temperature_FF_Son"
        ]
      },
      "value": "20",
      "configuration": {}
    }
  },
  "HUEEMU:Window_FF_Office_Door": {
    "class": "org.eclipse.smarthome.core.items.Metadata",
    "value": {
      "key": {
        "segments": [
          "HUEEMU",
          "Window_FF_Office_Door"
        ]
      },
      "value": "39",
      "configuration": {}
    }
  },
  "HUEEMU:Shutter_GF_Toilet": {
    "class": "org.eclipse.smarthome.core.items.Metadata",
    "value": {
      "key": {
        "segments": [
          "HUEEMU",
          "Shutter_GF_Toilet"
        ]
      },
      "value": "65",
      "configuration": {}
    }
  },
  "HUEEMU:Weather_Temp_Max": {
    "class": "org.eclipse.smarthome.core.items.Metadata",
    "value": {
      "key": {
        "segments": [
          "HUEEMU",
          "Weather_Temp_Max"
        ]
      },
      "value": "53",
      "configuration": {}
    }
  },
  "HUEEMU:Lights": {
    "class": "org.eclipse.smarthome.core.items.Metadata",
    "value": {
      "key": {
        "segments": [
          "HUEEMU",
          "Lights"
        ]
      },
      "value": "88",
      "configuration": {}
    }
  },
  "HUEEMU:Heating_FF_Bath": {
    "class": "org.eclipse.smarthome.core.items.Metadata",
    "value": {
      "key": {
        "segments": [
          "HUEEMU",
          "Heating_FF_Bath"
        ]
      },
      "value": "31",
      "configuration": {}
    }
  },
  "HUEEMU:Light_GF_Living_Table": {
    "class": "org.eclipse.smarthome.core.items.Metadata",
    "value": {
      "key": {
        "segments": [
          "HUEEMU",
          "Light_GF_Living_Table"
        ]
      },
      "value": "2",
      "configuration": {}
    }
  },
  "HUEEMU:DimmedLight": {
    "class": "org.eclipse.smarthome.core.items.Metadata",
    "value": {
      "key": {
        "segments": [
          "HUEEMU",
          "DimmedLight"
        ]
      },
      "value": "41",
      "configuration": {}
    }
  },
  "HUEEMU:FF_Son": {
    "class": "org.eclipse.smarthome.core.items.Metadata",
    "value": {
      "key": {
        "segments": [
          "HUEEMU",
          "FF_Son"
        ]
      },
      "value": "84",
      "configuration": {}
    }
  },
  "HUEEMU:Heating_FF_Bed": {
    "class": "org.eclipse.smarthome.core.items.Metadata",
    "value": {
      "key": {
        "segments": [
          "HUEEMU",
          "Heating_FF_Bed"
        ]
      },
      "value": "35",
      "configuration": {}
    }
  },
  "HUEEMU:Shutter_FF_Bed": {
    "class": "org.eclipse.smarthome.core.items.Metadata",
    "value": {
      "key": {
        "segments": [
          "HUEEMU",
          "Shutter_FF_Bed"
        ]
      },
      "value": "25",
      "configuration": {}
    }
  }
}