{
  "hue_group_ecb5fa132fad_0_color -\u003e hue:group:ecb5fa132fad:0:color": {
    "class": "org.eclipse.smarthome.core.thing.link.ItemChannelLink",
    "value": {
      "channelUID": {
        "segments": [
          "hue",
          "group",
          "ecb5fa132fad",
          "0",
          "color"
        ]
      },
      "configuration": {
        "properties": {}
      },
      "itemName": "hue_group_ecb5fa132fad_0_color"
    }
  },
  "hue_group_ecb5fa132fad_0_color_temperature -\u003e hue:group:ecb5fa132fad:0:color_temperature": {
    "class": "org.eclipse.smarthome.core.thing.link.ItemChannelLink",
    "value": {
      "channelUID": {
        "segments": [
          "hue",
          "group",
          "ecb5fa132fad",
          "0",
          "color_temperature"
        ]
      },
      "configuration": {
        "properties": {}
      },
      "itemName": "hue_group_ecb5fa132fad_0_color_temperature"
    }
  },
  "hue_group_ecb5fa132fad_2_brightness -\u003e hue:group:ecb5fa132fad:2:brightness": {
    "class": "org.eclipse.smarthome.core.thing.link.ItemChannelLink",
    "value": {
      "channelUID": {
        "segments": [
          "hue",
          "group",
          "ecb5fa132fad",
          "2",
          "brightness"
        ]
      },
      "configuration": {
        "properties": {}
      },
      "itemName": "hue_group_ecb5fa132fad_2_brightness"
    }
  },
  "hue_0210_ecb5fa132fad_4_color_temperature -\u003e hue:0210:ecb5fa132fad:4:color_temperature": {
    "class": "org.eclipse.smarthome.core.thing.link.ItemChannelLink",
    "value": {
      "channelUID": {
        "segments": [
          "hue",
          "0210",
          "ecb5fa132fad",
          "4",
          "color_temperature"
        ]
      },
      "configuration": {
        "properties": {}
      },
      "itemName": "hue_0210_ecb5fa132fad_4_color_temperature"
    }
  },
  "hue_group_ecb5fa132fad_6_brightness -\u003e hue:group:ecb5fa132fad:6:brightness": {
    "class": "org.eclipse.smarthome.core.thing.link.ItemChannelLink",
    "value": {
      "channelUID": {
        "segments": [
          "hue",
          "group",
          "ecb5fa132fad",
          "6",
          "brightness"
        ]
      },
      "configuration": {
        "properties": {}
      },
      "itemName": "hue_group_ecb5fa132fad_6_brightness"
    }
  },
  "mqtt_systemBroker_embedded_mqtt_broker_PresenceSystemChannel -\u003e mqtt:systemBroker:embedded-mqtt-broker:PresenceSystemChannel": {
    "class": "org.eclipse.smarthome.core.thing.link.ItemChannelLink",
    "value": {
      "channelUID": {
        "segments": [
          "mqtt",
          "systemBroker",
          "embedded-mqtt-broker",
          "PresenceSystemChannel"
        ]
      },
      "configuration": {
        "properties": {}
      },
      "itemName": "mqtt_systemBroker_embedded_mqtt_broker_PresenceSystemChannel"
    }
  },
  "hue_group_ecb5fa132fad_0_scene -\u003e hue:group:ecb5fa132fad:0:scene": {
    "class": "org.eclipse.smarthome.core.thing.link.ItemChannelLink",
    "value": {
      "channelUID": {
        "segments": [
          "hue",
          "group",
          "ecb5fa132fad",
          "0",
          "scene"
        ]
      },
      "configuration": {
        "properties": {}
      },
      "itemName": "hue_group_ecb5fa132fad_0_scene"
    }
  },
  "hue_group_ecb5fa132fad_1_brightness -\u003e hue:group:ecb5fa132fad:1:brightness": {
    "class": "org.eclipse.smarthome.core.thing.link.ItemChannelLink",
    "value": {
      "channelUID": {
        "segments": [
          "hue",
          "group",
          "ecb5fa132fad",
          "1",
          "brightness"
        ]
      },
      "configuration": {
        "properties": {}
      },
      "itemName": "hue_group_ecb5fa132fad_1_brightness"
    }
  },
  "hue_0210_ecb5fa132fad_2_color_temperature -\u003e hue:0210:ecb5fa132fad:2:color_temperature": {
    "class": "org.eclipse.smarthome.core.thing.link.ItemChannelLink",
    "value": {
      "channelUID": {
        "segments": [
          "hue",
          "0210",
          "ecb5fa132fad",
          "2",
          "color_temperature"
        ]
      },
      "configuration": {
        "properties": {}
      },
      "itemName": "hue_0210_ecb5fa132fad_2_color_temperature"
    }
  },
  "hue_group_ecb5fa132fad_6_color_temperature -\u003e hue:group:ecb5fa132fad:6:color_temperature": {
    "class": "org.eclipse.smarthome.core.thing.link.ItemChannelLink",
    "value": {
      "channelUID": {
        "segments": [
          "hue",
          "group",
          "ecb5fa132fad",
          "6",
          "color_temperature"
        ]
      },
      "configuration": {
        "properties": {}
      },
      "itemName": "hue_group_ecb5fa132fad_6_color_temperature"
    }
  },
  "hue_group_ecb5fa132fad_2_switch -\u003e hue:group:ecb5fa132fad:2:switch": {
    "class": "org.eclipse.smarthome.core.thing.link.ItemChannelLink",
    "value": {
      "channelUID": {
        "segments": [
          "hue",
          "group",
          "ecb5fa132fad",
          "2",
          "switch"
        ]
      },
      "configuration": {
        "properties": {}
      },
      "itemName": "hue_group_ecb5fa132fad_2_switch"
    }
  },
  "hue_group_ecb5fa132fad_2_scene -\u003e hue:group:ecb5fa132fad:2:scene": {
    "class": "org.eclipse.smarthome.core.thing.link.ItemChannelLink",
    "value": {
      "channelUID": {
        "segments": [
          "hue",
          "group",
          "ecb5fa132fad",
          "2",
          "scene"
        ]
      },
      "configuration": {
        "properties": {}
      },
      "itemName": "hue_group_ecb5fa132fad_2_scene"
    }
  },
  "hue_0210_ecb5fa132fad_2_color -\u003e hue:0210:ecb5fa132fad:2:color": {
    "class": "org.eclipse.smarthome.core.thing.link.ItemChannelLink",
    "value": {
      "channelUID": {
        "segments": [
          "hue",
          "0210",
          "ecb5fa132fad",
          "2",
          "color"
        ]
      },
      "configuration": {
        "properties": {}
      },
      "itemName": "hue_0210_ecb5fa132fad_2_color"
    }
  },
  "hue_group_ecb5fa132fad_4_switch -\u003e hue:group:ecb5fa132fad:4:switch": {
    "class": "org.eclipse.smarthome.core.thing.link.ItemChannelLink",
    "value": {
      "channelUID": {
        "segments": [
          "hue",
          "group",
          "ecb5fa132fad",
          "4",
          "switch"
        ]
      },
      "configuration": {
        "properties": {}
      },
      "itemName": "hue_group_ecb5fa132fad_4_switch"
    }
  },
  "hue_group_ecb5fa132fad_6_switch -\u003e hue:group:ecb5fa132fad:6:switch": {
    "class": "org.eclipse.smarthome.core.thing.link.ItemChannelLink",
    "value": {
      "channelUID": {
        "segments": [
          "hue",
          "group",
          "ecb5fa132fad",
          "6",
          "switch"
        ]
      },
      "configuration": {
        "properties": {}
      },
      "itemName": "hue_group_ecb5fa132fad_6_switch"
    }
  },
  "hue_group_ecb5fa132fad_6_scene -\u003e hue:group:ecb5fa132fad:6:scene": {
    "class": "org.eclipse.smarthome.core.thing.link.ItemChannelLink",
    "value": {
      "channelUID": {
        "segments": [
          "hue",
          "group",
          "ecb5fa132fad",
          "6",
          "scene"
        ]
      },
      "configuration": {
        "properties": {}
      },
      "itemName": "hue_group_ecb5fa132fad_6_scene"
    }
  },
  "hue_group_ecb5fa132fad_4_brightness -\u003e hue:group:ecb5fa132fad:4:brightness": {
    "class": "org.eclipse.smarthome.core.thing.link.ItemChannelLink",
    "value": {
      "channelUID": {
        "segments": [
          "hue",
          "group",
          "ecb5fa132fad",
          "4",
          "brightness"
        ]
      },
      "configuration": {
        "properties": {}
      },
      "itemName": "hue_group_ecb5fa132fad_4_brightness"
    }
  },
  "ntp_ntp_local_dateTime -\u003e ntp:ntp:local:dateTime": {
    "class": "org.eclipse.smarthome.core.thing.link.ItemChannelLink",
    "value": {
      "channelUID": {
        "segments": [
          "ntp",
          "ntp",
          "local",
          "dateTime"
        ]
      },
      "configuration": {
        "properties": {}
      },
      "itemName": "ntp_ntp_local_dateTime"
    }
  },
  "hue_group_ecb5fa132fad_1_color -\u003e hue:group:ecb5fa132fad:1:color": {
    "class": "org.eclipse.smarthome.core.thing.link.ItemChannelLink",
    "value": {
      "channelUID": {
        "segments": [
          "hue",
          "group",
          "ecb5fa132fad",
          "1",
          "color"
        ]
      },
      "configuration": {
        "properties": {}
      },
      "itemName": "hue_group_ecb5fa132fad_1_color"
    }
  },
  "hue_group_ecb5fa132fad_4_scene -\u003e hue:group:ecb5fa132fad:4:scene": {
    "class": "org.eclipse.smarthome.core.thing.link.ItemChannelLink",
    "value": {
      "channelUID": {
        "segments": [
          "hue",
          "group",
          "ecb5fa132fad",
          "4",
          "scene"
        ]
      },
      "configuration": {
        "properties": {}
      },
      "itemName": "hue_group_ecb5fa132fad_4_scene"
    }
  },
  "hue_0210_ecb5fa132fad_3_color -\u003e hue:0210:ecb5fa132fad:3:color": {
    "class": "org.eclipse.smarthome.core.thing.link.ItemChannelLink",
    "value": {
      "channelUID": {
        "segments": [
          "hue",
          "0210",
          "ecb5fa132fad",
          "3",
          "color"
        ]
      },
      "configuration": {
        "properties": {}
      },
      "itemName": "hue_0210_ecb5fa132fad_3_color"
    }
  },
  "hue_group_ecb5fa132fad_0_brightness -\u003e hue:group:ecb5fa132fad:0:brightness": {
    "class": "org.eclipse.smarthome.core.thing.link.ItemChannelLink",
    "value": {
      "channelUID": {
        "segments": [
          "hue",
          "group",
          "ecb5fa132fad",
          "0",
          "brightness"
        ]
      },
      "configuration": {
        "properties": {}
      },
      "itemName": "hue_group_ecb5fa132fad_0_brightness"
    }
  },
  "hue_group_ecb5fa132fad_0_switch -\u003e hue:group:ecb5fa132fad:0:switch": {
    "class": "org.eclipse.smarthome.core.thing.link.ItemChannelLink",
    "value": {
      "channelUID": {
        "segments": [
          "hue",
          "group",
          "ecb5fa132fad",
          "0",
          "switch"
        ]
      },
      "configuration": {
        "properties": {}
      },
      "itemName": "hue_group_ecb5fa132fad_0_switch"
    }
  },
  "hue_group_ecb5fa132fad_1_color_temperature -\u003e hue:group:ecb5fa132fad:1:color_temperature": {
    "class": "org.eclipse.smarthome.core.thing.link.ItemChannelLink",
    "value": {
      "channelUID": {
        "segments": [
          "hue",
          "group",
          "ecb5fa132fad",
          "1",
          "color_temperature"
        ]
      },
      "configuration": {
        "properties": {}
      },
      "itemName": "hue_group_ecb5fa132fad_1_color_temperature"
    }
  },
  "hue_bridge_ecb5fa132fad_scene -\u003e hue:bridge:ecb5fa132fad:scene": {
    "class": "org.eclipse.smarthome.core.thing.link.ItemChannelLink",
    "value": {
      "channelUID": {
        "segments": [
          "hue",
          "bridge",
          "ecb5fa132fad",
          "scene"
        ]
      },
      "configuration": {
        "properties": {}
      },
      "itemName": "hue_bridge_ecb5fa132fad_scene"
    }
  },
  "ntp_ntp_local_string -\u003e ntp:ntp:local:string": {
    "class": "org.eclipse.smarthome.core.thing.link.ItemChannelLink",
    "value": {
      "channelUID": {
        "segments": [
          "ntp",
          "ntp",
          "local",
          "string"
        ]
      },
      "configuration": {
        "properties": {}
      },
      "itemName": "ntp_ntp_local_string"
    }
  },
  "hue_group_ecb5fa132fad_4_color_temperature -\u003e hue:group:ecb5fa132fad:4:color_temperature": {
    "class": "org.eclipse.smarthome.core.thing.link.ItemChannelLink",
    "value": {
      "channelUID": {
        "segments": [
          "hue",
          "group",
          "ecb5fa132fad",
          "4",
          "color_temperature"
        ]
      },
      "configuration": {
        "properties": {}
      },
      "itemName": "hue_group_ecb5fa132fad_4_color_temperature"
    }
  },
  "hue_group_ecb5fa132fad_6_color -\u003e hue:group:ecb5fa132fad:6:color": {
    "class": "org.eclipse.smarthome.core.thing.link.ItemChannelLink",
    "value": {
      "channelUID": {
        "segments": [
          "hue",
          "group",
          "ecb5fa132fad",
          "6",
          "color"
        ]
      },
      "configuration": {
        "properties": {}
      },
      "itemName": "hue_group_ecb5fa132fad_6_color"
    }
  },
  "hue_group_ecb5fa132fad_1_scene -\u003e hue:group:ecb5fa132fad:1:scene": {
    "class": "org.eclipse.smarthome.core.thing.link.ItemChannelLink",
    "value": {
      "channelUID": {
        "segments": [
          "hue",
          "group",
          "ecb5fa132fad",
          "1",
          "scene"
        ]
      },
      "configuration": {
        "properties": {}
      },
      "itemName": "hue_group_ecb5fa132fad_1_scene"
    }
  },
  "hue_group_ecb5fa132fad_2_color_temperature -\u003e hue:group:ecb5fa132fad:2:color_temperature": {
    "class": "org.eclipse.smarthome.core.thing.link.ItemChannelLink",
    "value": {
      "channelUID": {
        "segments": [
          "hue",
          "group",
          "ecb5fa132fad",
          "2",
          "color_temperature"
        ]
      },
      "configuration": {
        "properties": {}
      },
      "itemName": "hue_group_ecb5fa132fad_2_color_temperature"
    }
  },
  "hue_0210_ecb5fa132fad_4_color -\u003e hue:0210:ecb5fa132fad:4:color": {
    "class": "org.eclipse.smarthome.core.thing.link.ItemChannelLink",
    "value": {
      "channelUID": {
        "segments": [
          "hue",
          "0210",
          "ecb5fa132fad",
          "4",
          "color"
        ]
      },
      "configuration": {
        "properties": {}
      },
      "itemName": "hue_0210_ecb5fa132fad_4_color"
    }
  },
  "hue_group_ecb5fa132fad_1_switch -\u003e hue:group:ecb5fa132fad:1:switch": {
    "class": "org.eclipse.smarthome.core.thing.link.ItemChannelLink",
    "value": {
      "channelUID": {
        "segments": [
          "hue",
          "group",
          "ecb5fa132fad",
          "1",
          "switch"
        ]
      },
      "configuration": {
        "properties": {}
      },
      "itemName": "hue_group_ecb5fa132fad_1_switch"
    }
  },
  "hue_group_ecb5fa132fad_2_color -\u003e hue:group:ecb5fa132fad:2:color": {
    "class": "org.eclipse.smarthome.core.thing.link.ItemChannelLink",
    "value": {
      "channelUID": {
        "segments": [
          "hue",
          "group",
          "ecb5fa132fad",
          "2",
          "color"
        ]
      },
      "configuration": {
        "properties": {}
      },
      "itemName": "hue_group_ecb5fa132fad_2_color"
    }
  },
  "hue_group_ecb5fa132fad_4_color -\u003e hue:group:ecb5fa132fad:4:color": {
    "class": "org.eclipse.smarthome.core.thing.link.ItemChannelLink",
    "value": {
      "channelUID": {
        "segments": [
          "hue",
          "group",
          "ecb5fa132fad",
          "4",
          "color"
        ]
      },
      "configuration": {
        "properties": {}
      },
      "itemName": "hue_group_ecb5fa132fad_4_color"
    }
  },
  "hue_0210_ecb5fa132fad_3_color_temperature -\u003e hue:0210:ecb5fa132fad:3:color_temperature": {
    "class": "org.eclipse.smarthome.core.thing.link.ItemChannelLink",
    "value": {
      "channelUID": {
        "segments": [
          "hue",
          "0210",
          "ecb5fa132fad",
          "3",
          "color_temperature"
        ]
      },
      "configuration": {
        "properties": {}
      },
      "itemName": "hue_0210_ecb5fa132fad_3_color_temperature"
    }
  }
}