{
  "HUEEMU:Window_GF_Toilet": {
    "class": "org.eclipse.smarthome.core.items.Metadata",
    "value": {
      "key": {
        "segments": [
          "HUEEMU",
          "Window_GF_Toilet"
        ]
      },
      "value": "33",
      "configuration": {}
    }
  },
  "HUEEMU:Window_FF_Office_Window": {
    "class": "org.eclipse.smarthome.core.items.Metadata",
    "value": {
      "key": {
        "segments": [
          "HUEEMU",
          "Window_FF_Office_Window"
        ]
      },
      "value": "15",
      "configuration": {}
    }
  },
  "HUEEMU:Shutter_GF_Living": {
    "class": "org.eclipse.smarthome.core.items.Metadata",
    "value": {
      "key": {
        "segments": [
          "HUEEMU",
          "Shutter_GF_Living"
        ]
      },
      "value": "5",
      "configuration": {}
    }
  },
  "HUEEMU:Light_FF_Daughter_Ceiling": {
    "class": "org.eclipse.smarthome.core.items.Metadata",
    "value": {
      "key": {
        "segments": [
          "HUEEMU",
          "Light_FF_Daughter_Ceiling"
        ]
      },
      "value": "6",
      "configuration": {}
    }
  },
  "HUEEMU:Radio_Station": {
    "class": "org.eclipse.smarthome.core.items.Metadata",
    "value": {
      "key": {
        "segments": [
          "HUEEMU",
          "Radio_Station"
        ]
      },
      "value": "57",
      "configuration": {}
    }
  },
  "HUEEMU:Light_GF_Toilet_Ceiling": {
    "class": "org.eclipse.smarthome.core.items.Metadata",
    "value": {
      "key": {
        "segments": [
          "HUEEMU",
          "Light_GF_Toilet_Ceiling"
        ]
      },
      "value": "51",
      "configuration": {}
    }
  },
  "HUEEMU:Light_C_Washing_Ceiling": {
    "class": "org.eclipse.smarthome.core.items.Metadata",
    "value": {
      "key": {
        "segments": [
          "HUEEMU",
          "Light_C_Washing_Ceiling"
        ]
      },
      "value": "21",
      "configuration": {}
    }
  },
  "HUEEMU:Light_C_Workshop": {
    "class": "org.eclipse.smarthome.core.items.Metadata",
    "value": {
      "key": {
        "segments": [
          "HUEEMU",
          "Light_C_Workshop"
        ]
      },
      "value": "3",
      "configuration": {}
    }
  },
  "HUEEMU:Heating_FF_Son": {
    "class": "org.eclipse.smarthome.core.items.Metadata",
    "value": {
      "key": {
        "segments": [
          "HUEEMU",
          "Heating_FF_Son"
        ]
      },
      "value": "44",
      "configuration": {}
    }
  },
  "HUEEMU:Weather_Temp_Min": {
    "class": "org.eclipse.smarthome.core.items.Metadata",
    "value": {
      "key": {
        "segments": [
          "HUEEMU",
          "Weather_Temp_Min"
        ]
      },
      "value": "38",
      "configuration": {}
    }
  },
  "HUEEMU:Weather_Chart_Period": {
    "class": "org.eclipse.smarthome.core.items.Metadata",
    "value": {
      "key": {
        "segments": [
          "HUEEMU",
          "Weather_Chart_Period"
        ]
      },
      "value": "8",
      "configuration": {}
    }
  },
  "HUEEMU:Light_GF_Corridor_Wardrobe": {
    "class": "org.eclipse.smarthome.core.items.Metadata",
    "value": {
      "key": {
        "segments": [
          "HUEEMU",
          "Light_GF_Corridor_Wardrobe"
        ]
      },
      "value": "34",
      "configuration": {}
    }
  },
  "HUEEMU:Shutter_FF_Office_Door": {
    "class": "org.eclipse.smarthome.core.items.Metadata",
    "value": {
      "key": {
        "segments": [
          "HUEEMU",
          "Shutter_FF_Office_Door"
        ]
      },
      "value": "59",
      "configuration": {}
    }
  },
  "HUEEMU:Temperature_GF_Kitchen": {
    "class": "org.eclipse.smarthome.core.items.Metadata",
    "value": {
      "key": {
        "segments": [
          "HUEEMU",
          "Temperature_GF_Kitchen"
        ]
      },
      "value": "13",
      "configuration": {}
    }
  },
  "HUEEMU:Heating_GF_Toilet": {
    "class": "org.eclipse.smarthome.core.items.Metadata",
    "value": {
      "key": {
        "segments": [
          "HUEEMU",
          "Heating_GF_Toilet"
        ]
      },
      "value": "43",
      "configuration": {}
    }
  },
  "HUEEMU:Window_GF_Living": {
    "class": "org.eclipse.smarthome.core.items.Metadata",
    "value": {
      "key": {
        "segments": [
          "HUEEMU",
          "Window_GF_Living"
        ]
      },
      "value": "47",
      "configuration": {}
    }
  },
  "HUEEMU:Light_FF_Bed_Ceiling": {
    "class": "org.eclipse.smarthome.core.items.Metadata",
    "value": {
      "key": {
        "segments": [
          "HUEEMU",
          "Light_FF_Bed_Ceiling"
        ]
      },
      "value": "11",
      "configuration": {}
    }
  },
  "HUEEMU:Light_C_Corridor_Ceiling": {
    "class": "org.eclipse.smarthome.core.items.Metadata",
    "value": {
      "key": {
        "segments": [
          "HUEEMU",
          "Light_C_Corridor_Ceiling"
        ]
      },
      "value": "28",
      "configuration": {}
    }
  },
  "HUEEMU:Garage_Door": {
    "class": "org.eclipse.smarthome.core.items.Metadata",
    "value": {
      "key": {
        "segments": [
          "HUEEMU",
          "Garage_Door"
        ]
      },
      "value": "36",
      "configuration": {}
    }
  },
  "HUEEMU:Temperature_FF_Bath": {
    "class": "org.eclipse.smarthome.core.items.Metadata",
    "value": {
      "key": {
        "segments": [
          "HUEEMU",
          "Temperature_FF_Bath"
        ]
      },
      "value": "67",
      "configuration": {}
    }
  },
  "HUEEMU:Temperature_FF_Bed": {
    "class": "org.eclipse.smarthome.core.items.Metadata",
    "value": {
      "key": {
        "segments": [
          "HUEEMU",
          "Temperature_FF_Bed"
        ]
      },
      "value": "26",
      "configuration": {}
    }
  },
  "HUEEMU:Temperature_GF_Corridor": {
    "class": "org.eclipse.smarthome.core.items.Metadata",
    "value": {
      "key": {
        "segments": [
          "HUEEMU",
          "Temperature_GF_Corridor"
        ]
      },
      "value": "66",
      "configuration": {}
    }
  },
  "HUEEMU:Heating_FF_Daughter": {
    "class": "org.eclipse.smarthome.core.items.Metadata",
    "value": {
      "key": {
        "segments": [
          "HUEEMU",
          "Heating_FF_Daughter"
        ]
      },
      "value": "37",
      "configuration": {}
    }
  },
  "HUEEMU:Light_Garden_Terrace": {
    "class": "org.eclipse.smarthome.core.items.Metadata",
    "value": {
      "key": {
        "segments": [
          "HUEEMU",
          "Light_Garden_Terrace"
        ]
      },
      "value": "60",
      "configuration": {}
    }
  },
  "HUEEMU:DemoBlinds": {
    "class": "org.eclipse.smarthome.core.items.Metadata",
    "value": {
      "key": {
        "segments": [
          "HUEEMU",
          "DemoBlinds"
        ]
      },
      "value": "17",
      "configuration": {}
    }
  },
  "HUEEMU:Volume": {
    "class": "org.eclipse.smarthome.core.items.Metadata",
    "value": {
      "key": {
        "segments": [
          "HUEEMU",
          "Volume"
        ]
      },
      "value": "24",
      "configuration": {}
    }
  },
  "HUEEMU:Temperature_GF_Living": {
    "class": "org.eclipse.smarthome.core.items.Metadata",
    "value": {
      "key": {
        "segments": [
          "HUEEMU",
          "Temperature_GF_Living"
        ]
      },
      "value": "16",
      "configuration": {}
    }
  },
  "HUEEMU:Light_FF_Office_Ceiling": {
    "class": "org.eclipse.smarthome.core.items.Metadata",
    "value": {
      "key": {
        "segments": [
          "HUEEMU",
          "Light_FF_Office_Ceiling"
        ]
      },
      "value": "10",
      "configuration": {}
    }
  },
  "HUEEMU:Light_Garden_Garage": {
    "class": "org.eclipse.smarthome.core.items.Metadata",
    "value": {
      "key": {
        "segments": [
          "HUEEMU",
          "Light_Garden_Garage"
        ]
      },
      "value": "4",
      "configuration": {}
    }
  },
  "HUEEMU:Light_GF_Kitchen_Ceiling": {
    "class": "org.eclipse.smarthome.core.items.Metadata",
    "value": {
      "key": {
        "segments": [
          "HUEEMU",
          "Light_GF_Kitchen_Ceiling"
        ]
      },
      "value": "45",
      "configuration": {}
    }
  },
  "HUEEMU:Scene_General": {
    "class": "org.eclipse.smarthome.core.items.Metadata",
    "value": {
      "key": {
        "segments": [
          "HUEEMU",
          "Scene_General"
        ]
      },
      "value": "64",
      "configuration": {}
    }
  },
  "HUEEMU:Light_C_Staircase": {
    "class": "org.eclipse.smarthome.core.items.Metadata",
    "value": {
      "key": {
        "segments": [
          "HUEEMU",
          "Light_C_Staircase"
        ]
      },
      "value": "9",
      "configuration": {}
    }
  },
  "HUEEMU:Heating_FF_Office": {
    "class": "org.eclipse.smarthome.core.items.Metadata",
    "value": {
      "key": {
        "segments": [
          "HUEEMU",
          "Heating_FF_Office"
        ]
      },
      "value": "40",
      "configuration": {}
    }
  },
  "HUEEMU:Window_FF_Bath": {
    "class": "org.eclipse.smarthome.core.items.Metadata",
    "value": {
      "key": {
        "segments": [
          "HUEEMU",
          "Window_FF_Bath"
        ]
      },
      "value": "63",
      "configuration": {}
    }
  },
  "HUEEMU:DemoSwitch": {
    "class": "org.eclipse.smarthome.core.items.Metadata",
    "value": {
      "key": {
        "segments": [
          "HUEEMU",
          "DemoSwitch"
        ]
      },
      "value": "49",
      "configuration": {}
    }
  },
  "HUEEMU:Light_GF_Kitchen_Table": {
    "class": "org.eclipse.smarthome.core.items.Metadata",
    "value": {
      "key": {
        "segments": [
          "HUEEMU",
          "Light_GF_Kitchen_Table"
        ]
      },
      "value": "32",
      "configuration": {}
    }
  },
  "HUEEMU:Light_GF_Corridor_Ceiling": {
    "class": "org.eclipse.smarthome.core.items.Metadata",
    "value": {
      "key": {
        "segments": [
          "HUEEMU",
          "Light_GF_Corridor_Ceiling"
        ]
      },
      "value": "68",
      "configuration": {}
    }
  },
  "HUEEMU:Window_GF_Kitchen": {
    "class": "org.eclipse.smarthome.core.items.Metadata",
    "value": {
      "key": {
        "segments": [
          "HUEEMU",
          "Window_GF_Kitchen"
        ]
      },
      "value": "18",
      "configuration": {}
    }
  },
  "HUEEMU:Temperature_Setpoint": {
    "class": "org.eclipse.smarthome.core.items.Metadata",
    "value": {
      "key": {
        "segments": [
          "HUEEMU",
          "Temperature_Setpoint"
        ]
      },
      "value": "55",
      "configuration": {}
    }
  },
  "HUEEMU:Shutter_all": {
    "class": "org.eclipse.smarthome.core.items.Metadata",
    "value": {
      "key": {
        "segments": [
          "HUEEMU",
          "Shutter_all"
        ]
      },
      "value": "14",
      "configuration": {}
    }
  },
  "HUEEMU:Light_FF_Son_Ceiling": {
    "class": "org.eclipse.smarthome.core.items.Metadata",
    "value": {
      "key": {
        "segments": [
          "HUEEMU",
          "Light_FF_Son_Ceiling"
        ]
      },
      "value": "22",
      "configuration": {}
    }
  },
  "HUEEMU:Window_FF_Bed": {
    "class": "org.eclipse.smarthome.core.items.Metadata",
    "value": {
      "key": {
        "segments": [
          "HUEEMU",
          "Window_FF_Bed"
        ]
      },
      "value": "7",
      "configuration": {}
    }
  },
  "HUEEMU:Light_FF_Bath_Ceiling": {
    "class": "org.eclipse.smarthome.core.items.Metadata",
    "value": {
      "key": {
        "segments": [
          "HUEEMU",
          "Light_FF_Bath_Ceiling"
        ]
      },
      "value": "54",
      "configuration": {}
    }
  },
  "HUEEMU:Weather_Temperature": {
    "class": "org.eclipse.smarthome.core.items.Metadata",
    "value": {
      "key": {
        "segments": [
          "HUEEMU",
          "Weather_Temperature"
        ]
      },
      "value": "62",
      "configuration": {}
    }
  },
  "HUEEMU:Shutter_FF_Bath": {
    "class": "org.eclipse.smarthome.core.items.Metadata",
    "value": {
      "key": {
        "segments": [
          "HUEEMU",
          "Shutter_FF_Bath"
        ]
      },
      "value": "58",
      "configuration": {}
    }
  },
  "HUEEMU:Window_GF_Frontdoor": {
    "class": "org.eclipse.smarthome.core.items.Metadata",
    "value": {
      "key": {
        "segments": [
          "HUEEMU",
          "Window_GF_Frontdoor"
        ]
      },
      "value": "29",
      "configuration": {}
    }
  },
  "HUEEMU:Shutter_FF_Office_Window": {
    "class": "org.eclipse.smarthome.core.items.Metadata",
    "value": {
      "key": {
        "segments": [
          "HUEEMU",
          "Shutter_FF_Office_Window"
        ]
      },
      "value": "46",
      "configuration": {}
    }
  },
  "HUEEMU:Temperature_GF_Toilet": {
    "class": "org.eclipse.smarthome.core.items.Metadata",
    "value": {
      "key": {
        "segments": [
          "HUEEMU",
          "Temperature_GF_Toilet"
        ]
      },
      "value": "48",
      "configuration": {}
    }
  },
  "HUEEMU:Temperature_FF_Daughter": {
    "class": "org.eclipse.smarthome.core.items.Metadata",
    "value": {
      "key": {
        "segments": [
          "HUEEMU",
          "Temperature_FF_Daughter"
        ]
      },
      "value": "50",
      "configuration": {}
    }
  },
  "HUEEMU:Light_GF_Toilet_Mirror": {
    "class": "org.eclipse.smarthome.core.items.Metadata",
    "value": {
      "key": {
        "segments": [
          "HUEEMU",
          "Light_GF_Toilet_Mirror"
        ]
      },
      "value": "19",
      "configuration": {}
    }
  },
  "HUEEMU:DemoShutter": {
    "class": "org.eclipse.smarthome.core.items.Metadata",
    "value": {
      "key": {
        "segments": [
          "HUEEMU",
          "DemoShutter"
        ]
      },
      "value": "56",
      "configuration": {}
    }
  },
  "HUEEMU:RGBLight": {
    "class": "org.eclipse.smarthome.core.items.Metadata",
    "value": {
      "key": {
        "segments": [
          "HUEEMU",
          "RGBLight"
        ]
      },
      "value": "30",
      "configuration": {}
    }
  },
  "HUEEMU:Shutter_GF_Kitchen": {
    "class": "org.eclipse.smarthome.core.items.Metadata",
    "value": {
      "key": {
        "segments": [
          "HUEEMU",
          "Shutter_GF_Kitchen"
        ]
      },
      "value": "42",
      "configuration": {}
    }
  },
  "HUEEMU:Wifi_Level": {
    "class": "org.eclipse.smarthome.core.items.Metadata",
    "value": {
      "key": {
        "segments": [
          "HUEEMU",
          "Wifi_Level"
        ]
      },
      "value": "23",
      "configuration": {}
    }
  },
  "HUEEMU:Heating_GF_Living": {
    "class": "org.eclipse.smarthome.core.items.Metadata",
    "value": {
      "key": {
        "segments": [
          "HUEEMU",
          "Heating_GF_Living"
        ]
      },
      "value": "61",
      "configuration": {}
    }
  },
  "HUEEMU:Light_FF_Corridor_Ceiling": {
    "class": "org.eclipse.smarthome.core.items.Metadata",
    "value": {
      "key": {
        "segments": [
          "HUEEMU",
          "Light_FF_Corridor_Ceiling"
        ]
      },
      "value": "27",
      "configuration": {}
    }
  },
  "HUEEMU:Temperature_FF_Son": {
    "class": "org.eclipse.smarthome.core.items.Metadata",
    "value": {
      "key": {
        "segments": [
          "HUEEMU",
          "Temperature_FF_Son"
        ]
      },
      "value": "20",
      "configuration": {}
    }
  },
  "HUEEMU:Window_FF_Office_Door": {
    "class": "org.eclipse.smarthome.core.items.Metadata",
    "value": {
      "key": {
        "segments": [
          "HUEEMU",
          "Window_FF_Office_Door"
        ]
      },
      "value": "39",
      "configuration": {}
    }
  },
  "HUEEMU:Heating_GF_Corridor": {
    "class": "org.eclipse.smarthome.core.items.Metadata",
    "value": {
      "key": {
        "segments": [
          "HUEEMU",
          "Heating_GF_Corridor"
        ]
      },
      "value": "12",
      "configuration": {}
    }
  },
  "HUEEMU:Shutter_GF_Toilet": {
    "class": "org.eclipse.smarthome.core.items.Metadata",
    "value": {
      "key": {
        "segments": [
          "HUEEMU",
          "Shutter_GF_Toilet"
        ]
      },
      "value": "65",
      "configuration": {}
    }
  },
  "HUEEMU:Temperature_FF_Office": {
    "class": "org.eclipse.smarthome.core.items.Metadata",
    "value": {
      "key": {
        "segments": [
          "HUEEMU",
          "Temperature_FF_Office"
        ]
      },
      "value": "69",
      "configuration": {}
    }
  },
  "HUEEMU:Weather_Temp_Max": {
    "class": "org.eclipse.smarthome.core.items.Metadata",
    "value": {
      "key": {
        "segments": [
          "HUEEMU",
          "Weather_Temp_Max"
        ]
      },
      "value": "53",
      "configuration": {}
    }
  },
  "HUEEMU:Heating_FF_Bath": {
    "class": "org.eclipse.smarthome.core.items.Metadata",
    "value": {
      "key": {
        "segments": [
          "HUEEMU",
          "Heating_FF_Bath"
        ]
      },
      "value": "31",
      "configuration": {}
    }
  },
  "HUEEMU:Light_GF_Living_Table": {
    "class": "org.eclipse.smarthome.core.items.Metadata",
    "value": {
      "key": {
        "segments": [
          "HUEEMU",
          "Light_GF_Living_Table"
        ]
      },
      "value": "2",
      "configuration": {}
    }
  },
  "HUEEMU:DimmedLight": {
    "class": "org.eclipse.smarthome.core.items.Metadata",
    "value": {
      "key": {
        "segments": [
          "HUEEMU",
          "DimmedLight"
        ]
      },
      "value": "41",
      "configuration": {}
    }
  },
  "HUEEMU:Heating_FF_Bed": {
    "class": "org.eclipse.smarthome.core.items.Metadata",
    "value": {
      "key": {
        "segments": [
          "HUEEMU",
          "Heating_FF_Bed"
        ]
      },
      "value": "35",
      "configuration": {}
    }
  },
  "HUEEMU:Heating_GF_Kitchen": {
    "class": "org.eclipse.smarthome.core.items.Metadata",
    "value": {
      "key": {
        "segments": [
          "HUEEMU",
          "Heating_GF_Kitchen"
        ]
      },
      "value": "70",
      "configuration": {}
    }
  },
  "HUEEMU:Shutter_FF_Bed": {
    "class": "org.eclipse.smarthome.core.items.Metadata",
    "value": {
      "key": {
        "segments": [
          "HUEEMU",
          "Shutter_FF_Bed"
        ]
      },
      "value": "25",
      "configuration": {}
    }
  },
  "HUEEMU:Light_FF_Bath_Mirror": {
    "class": "org.eclipse.smarthome.core.items.Metadata",
    "value": {
      "key": {
        "segments": [
          "HUEEMU",
          "Light_FF_Bath_Mirror"
        ]
      },
      "value": "52",
      "configuration": {}
    }
  }
}